Name,Asset Type,File Type,Group,Link
100 Special Skills Effects Pack,VFX,.unitypackage,GAPH,https://drive.google.com/uc?id=1WV1tMwBXHI5WxcGgY5kI0kXAU4OnGVP1&export=download
150 Fantasy Spells Icon Pack,GUI,.unitypackage,Forrest Imel,https://drive.google.com/uc?id=12v-vBVC6xzkjop3qL4mYk40nrAVUtGQR&export=download
2000 Fantasy Icons,GUI,.unitypackage,PONETI,https://drive.google.com/uc?id=1Sh4ApqaN9LSN7jicTJAHObZviug3Ym2D&export=download
3D Cartoon Level Pack Vol,3D,.unitypackage,Creepy Cat,https://drive.google.com/uc?id=1qb6r-HSBv4RLkKn9Opxcq2hfJ6B8T1dk&export=download
3D Items - Mega Pack,3D,.unitypackage,Frost Forged,https://drive.google.com/uc?id=1yT70s-clZS1f6LEmnkty9AWsqnqKd6uT&export=download
3D Props - Adorable Items,3D,.unitypackage,Layer Lab,https://drive.google.com/uc?id=1tPDVDX3BUMyo6gKFfCUoh3mDcHJEkfY6&export=download
4000 Fantasy Icons,GUI,.unitypackage,PONETI,https://drive.google.com/uc?id=1QsLKnNGVrjXvsEWBOt4brgVE8ks8aru0&export=download
A* Pathfinding Project Pro,Tool,.unitypackage,Aron Granberg,https://drive.google.com/uc?id=1koKH3yUkWAW-nqlyk_K3QwHigfY_h_-M&export=download
African Big Pack,3D,.unitypackage,4toon Studio,https://drive.google.com/uc?id=1KsS3_hev00ld7XxWMAhSSJSWz41Z_VAy&export=download
All In 1 Vfx Toolkit,VFX,.unitypackage,Seaside Studios,https://drive.google.com/uc?id=1NwFkKOjTNnDzCoWhQLZ_VtA86lmVbj2G&export=download
Asset Hunter PRO,Editor Tool,.unitypackage,HeurekaGames,https://drive.google.com/uc?id=1bhH_6WKoPdZmHwALOAChy5SjQgn4uPyJ&export=download
Cartoon FX Pack,VFX,.unitypackage,Kyeoms,https://drive.google.com/uc?id=1eDfBXu8pzsKBZncXDCM3coafGVyjHM1z&export=download
Cartoon GUI Pack,GUI,.unitypackage,ricimi,https://drive.google.com/uc?id=1xEnU49uKrcK_QNTqZNg0wjHuOLhMUBz-&export=download
Classic RPG GUI,GUI,.unitypackage,PONETI,https://drive.google.com/uc?id=14fD_4yBYOtjgOd7YXotnli3vq2x7Dp0v&export=download
Colorful Sci-Fi Weapons and Items,3D,.unitypackage,MLX,https://drive.google.com/uc?id=1IOR1twfXzgU1l5tHS6EaU-bFAju4XHrH&export=download
Colorize (Texture Color Palette Modifier),"Editor Tool, Tool",.unitypackage,Smitesoft,https://drive.google.com/uc?id=1lMaecIsNenzIaF2nRwCJP5qio1PJLENb&export=download
Confetti FX,VFX,.unitypackage,Archanor VFX,https://drive.google.com/uc?id=1EJ5_snTibF0QGf73iqtxtDMvVnsWeXMZ&export=download
Crest Ocean System URP,Physics,.unitypackage,Wave Harmonic,https://drive.google.com/uc?id=19iN_GTnW4W1lqOxUNYW9-ch2sa_bUIYN&export=download
DoozyUI Complete UI Management System,"GUI, Tool",.unitypackage,Dozzy Entertainment,https://drive.google.com/uc?id=1a36Mq-6UM0sREfRzBnQf1-_KmSJ7fSJi&export=download
Dynamic Bone,Physics,.unitypackage,Will Hong,https://drive.google.com/uc?id=1dTF5X8h_mt9X1uByx9uY2m4eQdWWGRvx&export=download
Easy Performant Outline 2D 3D URP HDRP and Built-in Renderer,"Camera, Shader",.unitypackage,Pirate Parrot,https://drive.google.com/uc?id=1NcZ5n-VKm5E8m85_aTOJ6EO_EFAJvTFz&export=download
Easy Save - The Complete Save Data Serialization Asset,Tool,.unitypackage,Moodkie,https://drive.google.com/uc?id=1fOEQJ9fKJEoClQOyhybnyFaLkPZ01XPi&export=download
Epic Toon FX,VFX,.unitypackage,Archanor VFX,https://drive.google.com/uc?id=1EumWYy8d38f7mi2VZYc6h-RuQYq7cFFM&export=download
Epic Toon VFX,VFX,.unitypackage,Hovl Studio,https://drive.google.com/uc?id=1MY0bsY9aHV-l7xXfcDAbAayqby0nwkYt&export=download
Epic Toon VFX 2,VFX,.unitypackage,Hovl Studio,https://drive.google.com/uc?id=1UT3gub7de60YpDRYQMzszAd5iBxjZuhN&export=download
Feel,Tool,.unitypackage,More Mountains,https://drive.google.com/uc?id=1GXgSvahTNZoszjJQKHqQmHqRrzsLMo3L&export=download
Flat Kit Cel - Toon Shading,Shader,.unitypackage,Dustyroom,https://drive.google.com/uc?id=1O75ff4nKl3GN_PHVkrbC7rtHquWTI-FY&export=download
Floating Islands - Fantasy Environment,3D,.unitypackage,Ravibio,https://drive.google.com/uc?id=1goFEfBNJO-diTvajyTEQlWEsnNDvDYEH&export=download
GPU Instancer,Tool,.unitypackage,GurBu Technologies,https://drive.google.com/uc?id=1ee3D__7RimJVzM6GrKhGUH5JbNlNgkF-&export=download
GUI Kit - Mono Round,GUI,.unitypackage,Layer Lab,https://drive.google.com/uc?id=1X1JPh31DycoB2QT3el8Y5I4O2KzrKu3M&export=download
GUI Mobile Hyper-Casual,GUI,.unitypackage,5 778 K,https://drive.google.com/uc?id=1B4Gcdp-U53qROI_m07wxndL6BIEkwgDT&export=download
GUI PRO Kit - Casual Game,GUI,.unitypackage,Layer Lab,https://drive.google.com/uc?id=1muk7XGFX03qxDMLAby6pLiSyOlqV9-dG&export=download
GUI PRO Kit - Fantasy RPG,GUI,.unitypackage,Layer Lab,https://drive.google.com/uc?id=1NeDR8hBatRaCy4FHMXl6ZCVv8k-wrIfz&export=download
GUI PRO Kit - Sci-Fi Survival,GUI,.unitypackage,Layer Lab,https://drive.google.com/uc?id=1pWEB4a34aeFq4mUGNvrYzo4g2txWYoNw&export=download
Hyper Casual Characters Stickman sphere head skins vol1 sports,3D,.unitypackage,Bilzulka,https://drive.google.com/uc?id=1CiFdchvyhZJP61grSlilEFRGRz1br7Wr&export=download
Hyper-Casual Characters pack 5 (Military),3D,.unitypackage,RIFAT_BILALOV,https://drive.google.com/uc?id=1MogPIOrH1Zoi40k08McoGP50R8rVl-TB&export=download
Hyper-Casual Characters Stickman sphere head skins vol8 Kingdom,3D,.unitypackage,Bilzulka,https://drive.google.com/uc?id=1TNytIgJjjExcsmSPed7BLcRNrqSqSFk1&export=download
Hyper-Casual Weapons,3D,.unitypackage,Bilzulka,https://drive.google.com/uc?id=1JaMHRVWh4bZoFcEpyLqmtrp0M95ZPiWh&export=download
HYPERCASUAL - Stickman Pack 2,3D,.unitypackage,Stegobubbles,https://drive.google.com/uc?id=1iVB7wtVl57Qkn-d95Y9RzOFQtVKZqi0F&export=download
HYPERCASUAL - Tall Stickman Pack 1,3D,.unitypackage,Stegobubbles,https://drive.google.com/uc?id=1YANq8t9ohjjwm3A8q-OioYiIPb51CxuL&export=download
Hypercasual Action Props Pack Volume 3,3D,.unitypackage,Helix Studio,https://drive.google.com/uc?id=1upRuVy3ZVeE8W_qK0AS9Bf6F4kw9A2kr&export=download
Lean Touch,Tool,.unitypackage,Carlos Wilkes,https://drive.google.com/uc?id=1eW1oXh7fDvOc0_sAPn2qF1Kl38VvqsxE&export=download
Low Poly Icon Pack,GUI,.unitypackage,polyperfect,https://drive.google.com/uc?id=1LWBdN9m4DDNknVTVjcBHDYBegWkbRqad&export=download
LowPoly Wild Animals,3D,.unitypackage,Red Deer,https://drive.google.com/uc?id=1eFsPNyCM_Br7aLXc-g_8ApI-m7u2XjAW&export=download
LPVP - Low Polygon Vehicles Pack,3D,.unitypackage,Alex Barbulescu,https://drive.google.com/uc?id=1OEpuOBOPdYPPQFP5Lksj75l6eBWSp-Ns&export=download
Map Track Markers VFX 2,VFX,.unitypackage,Hovl Studio,https://drive.google.com/uc?id=1aZAQeYh97jZcj7gOIXwgDynKQWLHC50K&export=download
Mega-Fiers,"Mesh Deformation, Physics",.unitypackage,Chris West,https://drive.google.com/uc?id=1b5bk-lKAbmvHBjIZyEWYaW5343QbspLX&export=download
Mesh Baker,Tool,.unitypackage,Ian Deane,https://drive.google.com/uc?id=1Evm0Bd1MWVZf5hfkcqo3G_HxDDIt-Zim&export=download
Mesh Simplify,Tool,.unitypackage,Ultimate Game Tools,https://drive.google.com/uc?id=1o2VTipprMO_DJaJWsb9NylB8VASvwojq&export=download
Mesh Slicer,"Mesh Deformation, Physics",.unitypackage,Stas Bz,https://drive.google.com/uc?id=1dyf7uS2ovu0GZivGLppzxJLXvxN3tEUn&export=download
MK Toon - Stylized Shader,Shader,.unitypackage,Michael Kremmel,https://drive.google.com/uc?id=1_ErgvRB3-rsE33rBJV4t4WtQS_-9CaXE&export=download
MonKey - Productivity Commands,Tool,.unitypackage,JUNGLE,https://drive.google.com/uc?id=1KBnLqVweQCvPY9Jz6hGP9ZhClc1L5B_J&export=download
Monsters Ultimate Pack 01 Cute Series,3D,.unitypackage,Meshtint Studio,https://drive.google.com/uc?id=12Zxc8Mb4_V2-ccBrelMfBTJ8C0k0-Uow&export=download
Monsters Ultimate Pack 03 Cute Series,3D,.unitypackage,Meshtint Studio,https://drive.google.com/uc?id=1xBa_tDMHbBGgTbQ3HxSV0dNPDfSTSHzX&export=download
Monsters Ultimate Pack 04 Cute Series,3D,.unitypackage,Meshtint Studio,https://drive.google.com/uc?id=1D4_v3h-n5sk5TbNgBiw2z9en1PPY9SiG&export=download
Monsters Ultimate Pack 05 Cute Series,3D,.unitypackage,Meshtint Studio,https://drive.google.com/uc?id=1dik-LnKaUiyn9tuVrJ5-X6jW6mlAjV9I&export=download
Monsters Ultimate Pack 06 Cute Series,3D,.unitypackage,Meshtint Studio,https://drive.google.com/uc?id=1eqVwePYQLFguNe3hG1bDqIMDWeyzJVLP&export=download
MudBun Volumetric VFX Modeling,VFX,.unitypackage,Long Bunny Labs,https://drive.google.com/uc?id=1S9uEHLB3UbPbiMo2_vy8pslFx5cklZnB&export=download
Nice Touch,Tool,.unitypackage,More Mountains,https://drive.google.com/uc?id=1JBuTY_iHSxcPSgw_YgFZOpW1S-Ikcjo6&export=download
Nice Vibrations Haptic Feedback for Mobile Gamepads,Tool,.unitypackage,More Mountains,https://drive.google.com/uc?id=1YPhDpcFue9MB0z13HFmN4u_mfey6XS-2&export=download
Non-Convex Mesh Collider Automatic Generator,"Editor Tool, Tool",.unitypackage,Plawius,https://drive.google.com/uc?id=1xlBQbV8Bqkc0P2oxQu6Bmietyo_DTYJR&export=download
Obi Fluid,"Editor Tool, Tool",.unitypackage,Virtual Method,https://drive.google.com/uc?id=1Bb0NitsUUVyrhmjfVGPXPgFgilRyw8sb&export=download
Obi_Softbody,"Editor Tool, Tool",.unitypackage,Virtual Method,https://drive.google.com/uc?id=1oeQRXX5LEYQwLimAtf7geYO5-3OO_5Rc&export=download
Paint in 3D,"Editor Tool, Tool",.unitypackage,Carlos Wilkes,https://drive.google.com/uc?id=1hIbJxdULcpJYfEfmE1T_QckWSCk2zsHN&export=download
Peek - Editor Toolkit,"Editor Tool, Tool",.unitypackage,Ludiq,https://drive.google.com/uc?id=10Kit0Fyuqg9ObnoOW6F9blAOAsw_pECm&export=download
POLYGON - Construction Pack,3D,.unitypackage,Synty Studios,https://drive.google.com/uc?id=15JqroNBE-JcR2v2eyZRxrxXe33nNUSrR&export=download
POLYGON - Fantasy Kindom - Building Pack,3D,.unitypackage,Synty Studios,https://drive.google.com/uc?id=19VJvsKZInub4y_qCe0AlN-5Ka2ASzkLr&export=download
POLYGON - Farm Pack,3D,.unitypackage,Synty Studios,https://drive.google.com/uc?id=1TBR7Aw4cQC7xlxlH_JoBNxcQ5YccueHw&export=download
POLYGON - Kids Pack,3D,.unitypackage,Synty Studios,https://drive.google.com/uc?id=1uEnOGrm4o98MWFh8uaOf5Vb2JxnwIuok&export=download
POLYGON - Military Pack,3D,.unitypackage,Synty Studios,https://drive.google.com/uc?id=1wlwOzy6HRdToF0hDrUKMFxj2l0scX0J2&export=download
POLYGON - Samurai Pack,3D,.unitypackage,Synty Studios,https://drive.google.com/uc?id=1e5ZxzBHqGlIiThHukpcYizTiPv220nIt&export=download
POLYGON - Street Racer,3D,.unitypackage,Synty Studios,https://drive.google.com/uc?id=1NGr2eIOWw76fCmJBFHoxvlVUOVcPfcrR&export=download
POLYGON - Town Pack,3D,.unitypackage,Synty Studios,https://drive.google.com/uc?id=1J2770FemFxsMzhL4_QuS7tRUm-y3ZxLA&export=download
POLYGON Battle Royale,3D,.unitypackage,Synty Studios,https://drive.google.com/uc?id=1HQ0qN5rIBaBlakPzaJl5FPySGk3NFH43&export=download
POLYGON City Characters,3D,.unitypackage,Synty Studios,https://drive.google.com/uc?id=1YbZqJ6GwaabQwPnjYNezfT8vIrLNyZ-0&export=download
POLYGON City Zombies Pack,3D,.unitypackage,Synty Studios,https://drive.google.com/uc?id=1wsgG0N7ubR1295CFkIbWd2LY7JxiA1Cr&export=download
POLYGON Explorer,3D,.unitypackage,Synty Studios,https://drive.google.com/uc?id=1HnfaZFxkvVR9CKOilXjPQXRRpfQPba90&export=download
POLYGON Fantasy Characters,3D,.unitypackage,Synty Studios,https://drive.google.com/uc?id=1WZHx74fA6-tp3bUSqJ79qkAa0bsboxMf&export=download
POLYGON Fantasy Rivals,3D,.unitypackage,Synty Studios,https://drive.google.com/uc?id=1_Ius_WEqh84KLDPkCyHM5nNHb1FiLI4y&export=download
POLYGON Farm Pack,3D,.unitypackage,Synty Studios,https://drive.google.com/uc?id=14tbgPlksP6IMIB9Rs3dMLSFHl1xKlwW9&export=download
POLYGON Horror Mansion,3D,.unitypackage,Synty Studios,https://drive.google.com/uc?id=1WnSLgUt_4vhKZqNBd4bjkmOMyNYQ1NAk&export=download
POLYGON Icons,3D,.unitypackage,Synty Studios,https://drive.google.com/uc?id=1IyP-2b3YimR1xuMbaov4_soUH6ZhdObu&export=download
POLYGON Mini Fantasy,3D,.unitypackage,Synty Studios,https://drive.google.com/uc?id=1PPY76LJIyWSmNtzl3DQ4irBXTMO4jKrO&export=download
POLYGON Nature Pack,3D,.unitypackage,Synty Studios,https://drive.google.com/uc?id=1fXNk6o-T6Yfxo6bNP_hijdwSw2-foVlB&export=download
POLYGON Office,3D,.unitypackage,Synty Studios,https://drive.google.com/uc?id=1CD-pFJKjIVTo5LpT_pPyofoAulhaXqlm&export=download
POLYGON Pirate Pack,3D,.unitypackage,Synty Studios,https://drive.google.com/uc?id=1qi7PT4mzZK26XGduJ2Il75Hennyq7qjv&export=download
POLYGON Prototype,3D,.unitypackage,Synty Studios,https://drive.google.com/uc?id=1VOuy-b6XtHEqASBZxpJT5IajfsIwDtrp&export=download
POLYGON Sci-Fi Worlds,3D,.unitypackage,Synty Studios,https://drive.google.com/uc?id=1gddSMaaN2tAIV34giSB7yXo7F24fL0BT&export=download
POLYGON SciFi Space,3D,.unitypackage,Synty Studios,https://drive.google.com/uc?id=1Oda8Mru1w2XZNwKhmY0W47iTTW_dUfDO&export=download
POLYGON Shops Pack,3D,.unitypackage,Synty Studios,https://drive.google.com/uc?id=1qqBilhTXI2P_YUq23P8vNhz_-icK-VK4&export=download
POLYGON Snow Kit,3D,.unitypackage,Synty Studios,https://drive.google.com/uc?id=1mVdeNOXR77h1Rc82Kqfesp3aFHZ0ye7p&export=download
POLYGON Spy Kit,3D,.unitypackage,Synty Studios,https://drive.google.com/uc?id=16n9ywSfMwAvuA_kMx9Wb4By6H8jlSyMv&export=download
POLYGON Vikings Pack,3D,.unitypackage,Synty Studios,https://drive.google.com/uc?id=12ZcDkVQrGXYfQg9PVnkbUwhGh4TZIPoa&export=download
POLYGON Western Frontier Pack,3D,.unitypackage,Synty Studios,https://drive.google.com/uc?id=1Xd_Q3enQbn0nltmz_c6E0jF45fz9U3gD&export=download
Polygonal Fantasy Pack,3D,.unitypackage,Meshtint Studio,https://drive.google.com/uc?id=1mDIV1Fbgw_xTD1VgewbjzzwZ3CxnQb4X&export=download
Ranger RPG GUI,GUI,.unitypackage,Kodiak Graphics,https://drive.google.com/uc?id=1rrBVAdWUgX9YVBqTzpp8zb9eni505bI1&export=download
Sensor Toolkit,Physics,.unitypackage,Micosmo,https://drive.google.com/uc?id=1Y26PYfKT4jM2JkS0BlcrOwFaL3rHpCz5&export=download
Skill Icon Pack v1.02,GUI,.unitypackage,Rexard,https://drive.google.com/uc?id=1aDH1mf2RzZbxtXsA4K83j01_ofhthaau&export=download
Skill Icon RPGGAME,GUI,.unitypackage,The 7 Heaven,https://drive.google.com/uc?id=1v2fJHwZYEsrbHlnAA_gkbeuFmTgpqfln&export=download
Snowify,"Editor Tool, Mesh Deformation",.unitypackage,Steven Craeynest,https://drive.google.com/uc?id=1mfWS8BKF0usV1DsSxTw_57_CdrNOYPfh&export=download
SRDebugger,Tool,.unitypackage,Stompy Robot LTD,https://drive.google.com/uc?id=14uqv044YG2pqCXF2n8uiKKVCZbnBvvu0&export=download
Toony Colors Pro,Shader,.unitypackage,Jean Moreno,https://drive.google.com/uc?id=1TB82lBkgpeOU_yAFNnmJnabWbfTu66uB&export=download
Very Animation,Physics,.unitypackage,AloneSoft,https://drive.google.com/uc?id=1CxHY4r7HxtM3jUQ8S6WMTUuJFA1jdwiu&export=download